﻿<parameters>
  <parameter name="IIS Web Application Name" defaultValue="Default Web Site/financa_shkolla_deploy" tags="IisApp">
    <parameterEntry kind="ProviderPath" scope="IisApp" match="^C:\\Users\\Administrator\\Documents\\Visual\ Studio\ 2010\\Projects\\financa_shkolla\\financa_shkolla\\obj\\Debug\\Package\\PackageTmp$" />
    <parameterEntry kind="ProviderPath" scope="setAcl" match="^C:\\Users\\Administrator\\Documents\\Visual\ Studio\ 2010\\Projects\\financa_shkolla\\financa_shkolla\\obj\\Debug\\Package\\PackageTmp$" />
  </parameter>
  <parameter name="ApplicationServices-Web.config Connection String" description="ApplicationServices Connection String used in web.config by the application to access the database." defaultValue="data source=.\SQLEXPRESS;Integrated Security=SSPI;AttachDBFilename=|DataDirectory|\aspnetdb.mdf;User Instance=true" tags="SqlConnectionString">
    <parameterEntry kind="XmlFile" scope="C:\\Users\\Administrator\\Documents\\Visual\ Studio\ 2010\\Projects\\financa_shkolla\\financa_shkolla\\obj\\Debug\\Package\\PackageTmp\\Web\.config$" match="/configuration/connectionStrings/add[@name='ApplicationServices']/@connectionString" />
  </parameter>
  <parameter name="Financa_shkollaConnectionString-Web.config Connection String" description="Financa_shkollaConnectionString Connection String used in web.config by the application to access the database." defaultValue="Data Source=WIN-4TPC6S626AN\SQLEXPRESS;Initial Catalog=Financa_shkolla;Integrated Security=True" tags="SqlConnectionString">
    <parameterEntry kind="XmlFile" scope="C:\\Users\\Administrator\\Documents\\Visual\ Studio\ 2010\\Projects\\financa_shkolla\\financa_shkolla\\obj\\Debug\\Package\\PackageTmp\\Web\.config$" match="/configuration/connectionStrings/add[@name='Financa_shkollaConnectionString']/@connectionString" />
  </parameter>
</parameters>